payment_id,order_id
1444,4160
290,1803
1535,2994
1911,3479
752,2526
644,4776
1302,931
718,4384
589,2639
466,4394
438,2309
1877,1272
325,465
61,3148
1423,4412
388,1430
1858,1180
484,487
209,2039
1229,249
117,204
988,4480
1453,2103
1704,123
1017,282
1679,1577
207,3881
1955,2259
1007,4196
1847,3596
393,416
1097,3003
878,3554
1115,1408
239,1099
852,2392
615,4267
440,3331
1310,4307
930,2028
1120,4442
1375,823
867,576
683,1944
1127,2622
196,1064
1232,3846
164,1995
422,4985
93,4291
280,3129
319,3621
1261,3242
1049,2351
1294,1775
1033,4789
287,2715
1255,4069
115,3197
1255,3776
778,3878
549,1022
961,4679
702,1447
1970,3398
1776,3286
1097,2744
1635,1955
1849,1067
1498,110
966,4817
1192,4231
1316,2346
1857,628
1343,3731
1773,3720
1523,647
6,3786
1858,3353
896,3633
1023,2227
621,601
928,3410
277,4121
1339,817
1971,1172
1823,3338
66,211
1590,4651
1553,1330
34,3473
278,2911
612,3552
489,2591
340,74
1985,1019
853,1977
1133,2833
1066,1748
68,3688
198,1504
129,2966
215,3151
1702,1698
428,1384
474,2426
75,254
637,3593
896,4511
1676,4680
406,532
500,2648
1961,389
210,101
1225,4638
1604,231
1318,1798
1765,4461
797,206
1674,3985
100,620
395,1940
8,2487
288,189
785,4066
748,4432
659,4071
1638,4306
1537,1935
1475,4723
290,2212
911,4780
44,3010
1727,4264
1808,364
1754,1331
1386,2171
987,3846
407,2096
1540,329
434,2499
163,2352
436,1678
1836,2679
736,2803
120,2927
749,4192
1976,352
1407,2015
329,2513
1927,4667
1900,2171
238,1956
639,3080
1040,996
535,4135
834,2306
573,4253
758,1368
1282,1607
615,4344
1203,4517
1028,1455
224,1774
1233,1006
59,533
1749,983
600,2616
1529,1231
621,4189
1711,3864
1990,1348
1756,1957
559,1037
1286,997
1385,4942
180,2597
1067,3705
633,2218
715,3332
211,3251
1043,795
1152,3508
1800,3110
1606,3990
1189,4955
762,3964
1045,2320
425,671
362,316
1585,632
1991,4077
277,335
1492,1676
1283,3897
1141,1348
1554,938
18,442
976,4640
1580,3268
1676,285
86,3178
1843,2708
1544,3647
1213,667
1515,1276
447,370
1608,3917
1749,419
52,4645
909,1644
1717,3132
1191,2239
1260,1877
1648,1725
1605,3926
606,52
263,749
1231,1586
243,1386
128,3868
1186,4119
1579,507
404,4113
1286,1743
728,2196
1288,3704
1306,4995
1682,105
1431,1616
539,2176
172,4237
1592,4349
1615,4582
396,3013
1563,804
1046,2337
1767,3560
1300,890
1112,2329
983,3421
1462,3050
1630,1361
490,2036
160,819
900,4163
927,670
934,1147
1760,1686
215,4464
1901,714
398,3043
1617,4652
331,751
1928,557
1859,4884
1246,140
27,4860
1037,2224
1964,819
683,4681
32,2946
998,1136
1630,1021
609,3556
642,2152
1927,3662
1553,1857
675,3883
380,3151
364,829
1926,4338
46,2238
1506,4272
1532,2386
4,811
1388,3604
726,1850
900,2348
487,4256
1411,2778
297,4441
778,4383
1709,1770
916,4567
1856,2219
1023,3895
452,3930
1995,1703
643,402
935,1308
47,144
1193,651
732,2673
1132,2503
135,4464
1877,3056
1356,4963
36,1707
1992,2745
99,3800
1573,3357
1015,3372
424,1198
951,4219
500,4407
102,1259
452,3190
1619,792
1476,4660
206,2553
1516,1642
1982,4127
1326,643
93,2597
753,2389
289,3522
1462,1889
209,4179
501,691
824,4485
712,3943
533,3690
688,714
1132,1327
218,318
487,4505
1387,1586
1813,1772
1207,593
1707,3790
1248,2
1632,3331
1155,4557
1665,2312
1246,1436
1769,1980
1855,2321
720,2814
463,3648
714,2198
369,3452
1160,343
1936,1699
1758,936
1830,471
1750,3521
1620,2041
1289,4282
667,4509
720,1819
1870,3752
907,241
1962,3939
1187,4695
1725,4593
1226,4345
1604,2401
102,1762
1112,1168
1314,3033
796,1906
1547,3059
10,783
1426,792
63,4715
927,778
522,2208
745,1632
1974,3177
1786,213
915,1118
793,1903
1450,4978
1829,1214
1940,606
1340,1606
960,1658
560,4864
685,3569
947,3948
614,3186
294,4128
354,3403
1072,2377
1567,1024
763,837
1025,4226
751,39
143,3041
1788,3570
1359,4032
473,3641
1489,1028
347,2343
1557,2599
1311,2921
307,128
322,695
1988,3618
1519,1040
913,4965
1947,558
1103,899
863,4842
1051,4328
1759,110
692,3228
318,2973
898,384
1749,219
215,3061
1120,29
1220,627
1904,528
677,240
794,551
369,1423
936,3017
1155,899
74,233
889,3197
382,262
493,3980
744,2173
932,124
39,3646
895,4258
1397,2358
1573,77
1253,3812
331,4957
1734,1318
893,980
37,803
121,2070
596,4493
939,3463
1363,2166
908,996
1198,2705
529,399
1748,305
903,2878
215,468
1412,4314
1133,1474
102,3574
417,2442
89,2213
1279,2465
1994,1814
383,2361
1833,4656
218,860
1880,13
138,3511
232,4087
1770,417
827,1087
1624,2038
1542,2097
1826,242
769,3675
1827,1718
130,3450
418,2253
515,4155
1233,1107
263,4930
699,2171
872,1542
253,821
241,2483
386,7
546,3946
1021,2831
58,4485
1843,451
1610,3436
114,3821
1578,1717
955,4212
534,4242
116,4387
101,4292
1368,40
257,2778
1865,4173
1302,774
1013,468
1835,692
1961,2773
1214,1831
626,1153
812,3744
1085,4311
1391,4549
553,2397
675,209
963,4294
1218,1650
157,269
288,3515
1403,92
428,359
518,4880
805,227
726,3332
278,3061
1435,4952
1629,844
602,1769
1050,4350
291,1342
28,2747
1576,2494
1426,2919
1845,2248
27,2689
378,3600
433,76
676,1900
1800,3330
965,4660
539,1519
1557,4987
1407,2323
1063,2816
538,1457
1520,1449
640,2669
1070,710
1174,3735
844,973
1907,2247
986,3726
462,2483
278,2220
1422,2903
1825,3244
555,1975
247,2531
119,3047
1318,938
630,2930
1345,4111
744,1186
286,2757
1061,2867
785,2417
1194,189
1912,23
427,2706
1070,1556
963,4476
1637,1152
1235,2706
683,4123
473,745
760,840
1889,1203
431,1683
542,3925
38,1390
1645,1577
1507,3370
226,688
328,4480
1824,672
1305,4950
126,4829
109,1105
552,224
46,296
320,3573
394,3444
500,2895
428,2555
350,417
1125,744
781,1970
494,2131
636,3985
1491,3557
1449,742
1211,4732
1375,3925
846,1875
1433,2134
679,3339
883,2862
1399,2416
431,3372
1890,2277
1419,3227
376,2790
1293,1996
1835,1315
1250,2961
1474,4071
345,2516
196,4082
1229,3229
1177,3376
1461,4166
239,181
883,3004
1691,1393
1109,2298
1397,3852
718,983
325,2554
1444,74
1618,1555
1121,3950
808,2051
617,2924
260,719
543,4219
1766,2231
1410,391
922,3414
1839,1927
1667,2628
1784,1619
682,4420
1255,1802
788,3796
945,3398
879,2069
84,3176
798,2551
365,1754
1761,4019
846,1863
237,4945
1647,1689
981,1394
409,2102
1081,2306
536,3002
691,65
320,3682
1297,3281
1625,4598
111,1450
852,4568
1784,2667
992,654
1814,1180
1079,1453
1568,3936
878,338
144,526
178,4725
1719,3614
248,3754
1979,1821
750,745
1516,4777
930,1956
1274,2339
1280,1450
744,4851
18,4063
249,1014
23,2977
1711,2912
1505,4588
353,2002
1624,2155
896,742
1051,2779
1565,1390
144,2400
1809,2688
1498,2420
1619,619
313,891
800,3867
328,4491
1486,798
776,276
826,1085
265,185
1319,4363
33,175
796,3106
1341,3096
82,892
1614,1463
1496,4697
1752,4483
1946,1367
971,4042
1268,364
1683,2764
40,2852
1389,3007
1332,3072
770,3946
99,3684
1399,4072
1187,4654
978,1163
891,4206
556,1919
1930,247
448,2998
1538,1891
202,4668
365,1695
1195,2632
1641,3211
275,2674
43,2332
720,4315
1509,3273
747,4178
1542,3147
269,1909
484,2169
423,1018
1797,3973
897,2361
958,4743
426,3198
1613,3888
1210,3885
1789,872
1366,4286
1007,1992
373,1997
275,1593
1961,3443
602,4569
51,4585
1922,4069
503,3766
340,3330
1604,1372
527,3968
194,1910
1689,75
1880,4608
88,3101
1581,2233
997,4751
598,3566
1235,368
400,2227
1048,1306
295,4268
765,2944
196,4460
570,4089
1435,4924
477,4713
698,3966
841,2874
1780,3088
1487,4031
1128,4462
288,1421
746,2275
711,3723
346,667
1660,2650
992,4540
1771,3068
408,2587
1938,1898
419,2944
1992,3371
362,3961
7,1975
1650,966
1708,624
994,1328
1534,4646
482,3998
628,3390
1702,977
619,10
518,74
415,3476
881,4611
283,2135
1628,947
1166,1924
900,21
660,1553
239,544
1673,2419
590,3600
1477,258
506,4895
713,1982
791,2625
732,3221
478,847
1471,2578
66,2187
1688,3319
86,1216
1974,489
936,3578
1167,3066
1591,3845
1607,1065
1835,1570
22,2854
1021,111
815,4818
1173,4239
1431,3462
1254,228
1623,4968
632,68
667,3658
544,2264
1485,2720
175,2270
652,3992
1270,4513
162,868
1122,3181
592,212
1196,4607
120,1474
1067,4574
1296,4567
1146,4372
943,3217
1220,2238
1604,1508
1067,330
662,3831
1851,3635
1375,1606
1268,4121
886,4892
452,1386
139,495
1276,3251
1053,4605
1462,642
621,3098
565,3704
98,2852
831,3219
1000,2981
1157,4737
862,83
381,96
1481,3821
1802,2512
141,763
997,4289
489,3500
429,1550
1466,4037
1994,2688
1593,4607
1562,645
371,1434
1957,4548
1513,1511
1565,458
526,2996
723,2894
250,2452
433,3727
265,4556
774,2286
387,1694
1735,4265
125,3937
906,3272
819,3300
455,4639
212,3562
1252,2782
1146,4373
873,3298
395,4253
1006,3280
1930,4355
577,2152
1073,2830
11,2065
618,2572
704,3816
427,3739
669,959
920,1151
178,756
532,3731
168,4691
1840,3292
1733,3616
119,2370
1145,2084
751,3833
1490,114
82,567
1615,2677
1593,472
811,1642
666,1161
1568,1029
605,4269
105,220
1305,3969
1082,766
477,3792
264,2173
853,674
406,841
917,4186
1988,1621
1393,3304
470,848
469,1214
1883,10
357,1182
261,3507
215,134
43,2440
1586,3164
1601,3865
1890,1532
183,283
864,1986
1627,3349
1319,3311
660,1336
227,4282
113,1705
1388,1594
1735,4592
641,3961
703,1382
1998,3314
1111,4861
1886,1379
718,1477
711,1039
31,411
1102,1960
200,5000
569,3385
909,3483
817,2951
1563,326
1655,3437
437,3912
155,43
152,4813
10,1486
187,2577
38,3444
765,4167
856,1292
1049,980
1302,4614
1475,2547
1012,224
1882,3693
53,3241
746,1692
483,2127
1161,1530
1196,1183
215,119
786,1425
1112,4177
1709,1234
1986,3670
930,4775
1579,4552
830,1397
432,926
807,225
1317,3738
1056,1007
412,3102
52,2933
761,4452
38,1970
1181,4101
1461,1624
728,2391
1832,3768
571,3753
1784,1076
150,529
1037,2638
1748,1899
35,159
1845,2774
96,2526
888,4453
20,1791
407,957
1524,2428
692,1672
1768,3594
1098,4237
899,2807
56,3109
1597,762
1097,4097
525,112
1465,1912
1292,1437
1595,936
793,478
1743,2892
1944,62
472,2420
1189,1091
117,936
1893,440
1496,2598
275,3573
1561,72
1628,3853
1939,4713
1334,3937
821,4123
563,502
1746,2475
939,2359
1785,307
173,2348
799,4267
1780,4370
1252,1434
922,1340
688,3778
80,867
1025,3663
1768,338
1301,3481
1054,1089
907,4596
697,4937
1781,1167
590,2441
1304,1476
366,4516
1312,4625
209,2089
1358,3322
1714,2851
1981,3598
433,1023
1675,1556
545,4356
1321,2990
1969,4270
1209,2255
1943,1713
996,4839
916,1243
1577,2176
116,4664
1873,2810
444,1054
1675,1876
1384,2316
1148,667
409,4804
260,3744
975,4055
903,1421
389,1052
304,3299
907,455
260,2394
1427,4624
1527,4853
1566,2875
483,1037
1252,1175
1317,988
538,1539
1608,2272
1419,1170
359,319
1,4770
1750,2648
603,1438
693,1901
266,971
300,4843
235,2744
981,4257
710,2591
756,2036
1794,3634
1226,1992
1473,3229
1012,2564
1561,1846
884,2951
785,270
597,4447
603,3764
1493,1405
595,3386
1498,3703
442,1625
1452,4440
1805,4675
308,1261
1607,3675
224,3828
79,1261
820,3365
1371,2960
1495,4342
448,2357
1434,9
609,1142
1949,4035
24,3864
1021,3571
389,3546
1725,3679
111,1843
1432,4294
259,1975
1031,2362
153,313
1537,3182
993,879
846,3290
1266,4403
920,1627
1882,1989
254,596
610,4645
954,22
261,331
1049,91
896,2692
1981,312
1056,4486
1829,4386
1840,462
879,3
272,635
1975,1964
1491,2114
416,39
1119,30
1640,370
1193,2984
907,668
552,2575
238,3267
206,2052
1522,3511
109,4773
65,3700
802,850
1100,545
1374,2730
1751,728
841,1738
1392,385
1581,4135
38,3498
922,4170
1737,3520
1791,3150
1030,3957
266,2338
1791,1954
1350,1554
1327,1019
1639,1238
306,3948
1109,4509
42,4698
1079,104
933,1896
706,2141
704,460
1879,4967
1528,3368
1770,759
884,3554
535,1792
606,90
691,29
767,700
1025,3581
1949,3114
1837,2395
636,4231
1522,2527
422,937
1524,1600
1258,4840
1244,1654
1755,2788
304,1273
1596,539
465,3440
1026,2971
855,4216
1981,3049
1825,2322
383,4332
863,112
1171,1360
1625,1878
564,2687
814,1978
405,2747
1109,62
688,1679
1203,3874
1517,2649
448,4487
1788,960
1942,3265
318,640
1821,306
328,4619
172,2219
1537,541
1522,3975
1160,4747
1636,315
698,2894
1713,852
984,3269
1470,2780
1331,3444
1279,1075
203,2898
1466,201
708,185
1563,3081
1408,4392
919,3015
1662,1913
830,2440
1254,1150
1607,1027
915,4927
203,1130
468,2361
899,1072
195,2090
354,1541
166,3652
354,2927
1827,1953
1369,4691
305,950
1997,1878
316,2795
1676,1359
1610,1531
190,2438
1125,1969
345,3678
840,2185
1903,3854
754,73
922,2823
1017,2778
1028,4986
1972,1925
989,2283
646,835
1779,3759
1751,1875
1962,4897
1238,1994
1012,1790
685,4394
87,2600
1048,4701
1046,2479
1314,817
1939,4338
507,1228
408,1904
1327,1738
634,1165
298,3760
1521,1855
1348,1686
1363,4637
992,4271
106,4690
1996,3376
1474,1453
9,1141
1789,431
1938,2508
1961,2187
160,2699
1434,3511
564,2046
676,1599
1061,3044
506,1962
1920,3727
308,3618
947,4034
1516,4960
1864,1532
66,1697
1576,2371
195,534
1758,3932
1007,1707
713,132
1780,3007
1061,2238
653,1471
1395,449
1174,3109
1644,4099
199,135
1246,3911
416,97
671,3516
301,3993
849,2381
1375,1863
471,2825
1988,3617
1353,4217
1119,3747
1439,4808
718,520
1379,3713
44,3473
319,1777
46,1363
960,3758
1186,4613
186,2962
361,303
928,317
68,2420
738,4521
1218,1643
1137,3010
1276,3519
1508,2368
39,2611
150,262
1560,2876
1227,2336
1716,4510
1534,3796
899,272
899,4888
1405,4222
1466,4781
333,4667
1500,2375
1229,4312
1064,1317
553,1580
959,4333
645,4694
1171,4881
344,4410
167,3844
1453,4326
333,1870
842,4925
929,4400
1625,2597
1491,2023
929,844
1228,3446
1579,4290
585,2773
189,3085
85,4115
966,4022
1412,3024
31,26
111,4119
804,2770
1151,2450
1003,122
1241,4105
1957,2222
129,2683
1075,2566
795,1605
471,3720
1883,2503
617,2808
655,3311
1539,253
1055,2769
1727,2370
1346,2871
1203,425
729,4747
688,2128
489,3005
465,2971
321,1485
771,344
1193,4032
839,4903
840,4847
270,3751
759,1054
726,4533
75,481
57,2126
1479,3560
1304,4589
455,229
1330,3136
1972,3255
670,3253
869,2362
631,3902
560,2963
1173,811
351,2483
437,2801
64,393
511,443
593,2532
1438,4163
688,1661
67,1298
1805,2853
688,2517
89,3243
427,3593
900,4581
1411,604
487,289
200,2260
838,1631
145,1852
1679,3196
686,1062
657,586
101,4795
648,809
882,3928
1887,928
1198,2967
681,1739
992,887
814,4849
2,4013
1708,3421
952,3003
109,2400
805,2623
1479,2133
1567,2490
1097,4284
328,2976
1912,115
1585,2913
1500,3590
1645,1643
1127,992
382,2781
1160,3249
860,1987
792,141
931,2091
1723,1504
114,3616
211,2396
940,4737
1191,3713
1673,693
1259,4675
303,2347
158,1246
1141,3170
547,173
428,4095
337,3177
1311,123
240,3501
926,3742
298,345
778,804
193,1955
714,732
1368,778
1669,882
577,2897
1097,1684
1273,1989
1975,4118
1698,3851
1153,548
492,3899
1595,3415
119,136
1492,3472
127,658
1394,3079
1469,1713
43,2105
1262,2278
1615,1198
899,1351
1996,9
327,4202
1629,4758
831,1790
218,605
688,2520
348,1244
1760,2700
1873,1865
1745,797
1354,1848
342,116
1505,2514
1073,4906
391,15
590,1875
1276,4881
1090,1539
1093,76
1903,3113
1360,1219
1082,165
430,1831
1208,3231
1331,4356
863,2732
821,2661
1409,2200
1560,4855
1808,1050
618,625
783,636
1595,3585
1595,4021
86,3228
1388,1979
1351,4038
921,4273
727,2506
1947,3911
1289,264
791,1551
1505,637
191,4993
261,3465
662,860
1327,1092
1037,1989
1216,370
1314,2289
1537,1814
270,3580
1922,2223
223,3120
1963,386
1142,2375
325,4061
1495,1084
1439,2119
1817,2573
935,2615
696,2534
1488,1899
1593,4268
1797,105
940,2410
1831,633
386,2693
453,873
619,4743
1632,4473
512,2081
377,1841
1802,811
827,1251
1255,2402
1740,391
1669,3154
746,2611
264,305
1951,2197
43,2198
1565,4924
182,3297
301,3637
1303,1705
1479,572
1427,1188
394,2768
957,3431
438,2625
69,830
201,249
328,1865
1179,664
835,2274
1571,75
668,4866
576,3526
642,2397
1105,3291
19,2966
1100,1425
309,3602
1081,797
110,4720
1516,1179
1961,1434
1442,2457
211,736
1747,798
956,676
1576,1239
869,144
94,4912
95,189
1335,4864
1244,3748
1618,1621
1847,2724
1581,869
535,2634
368,3900
1912,4993
31,466
1475,818
1380,3627
656,4849
17,4981
869,505
16,664
1276,2365
1366,2231
360,1061
581,1601
256,3559
1511,4638
1049,1980
1952,535
1585,4065
1647,4178
1080,484
1419,1417
1407,596
1900,1142
1003,2764
343,3646
58,654
931,2625
985,3456
226,318
1483,4008
37,2060
534,3459
515,323
217,4122
1465,3065
1818,1969
1364,873
434,4051
1603,1895
26,2925
5,1919
1471,3393
1168,4178
1714,2379
1666,1528
1605,3054
1864,1244
885,4576
1641,2022
1045,1011
619,2545
852,2804
1123,1257
494,2543
151,3883
1233,4610
1847,4583
361,2406
183,620
514,3640
518,4944
873,4287
1202,342
1006,662
891,101
310,3923
1381,2742
1734,1466
1097,3241
1257,1923
1058,4632
884,306
1967,906
1813,4327
1179,1569
314,1103
902,2009
1333,1558
1501,1595
990,3145
1380,1232
92,4582
38,4707
707,3050
1519,3108
782,4626
929,3936
768,623
615,4149
1015,2005
487,2684
71,3761
1088,4629
321,3708
203,1182
1162,2769
1793,3857
656,2965
1375,3496
802,1988
1280,3313
1560,2156
1616,2269
759,1414
1043,3316
549,2334
1513,1825
1630,4123
687,932
1665,1295
379,3538
1172,1342
251,2939
1695,1433
375,857
508,2059
1876,632
1347,4231
6,2659
1091,3192
538,2346
1755,1322
1830,47
85,4834
405,492
70,565
449,3026
1148,636
1240,1477
1765,3569
472,1108
222,510
788,3664
1650,2331
595,478
463,1729
352,2864
909,401
557,3855
1249,3914
1721,2892
1920,4882
1807,742
577,3585
929,1080
667,4585
1368,2698
435,3284
1988,2401
1245,812
1545,3105
453,260
249,3660
1726,43
434,1503
1278,4453
1543,953
1313,813
45,3911
1602,4122
893,1209
446,176
810,1911
1652,4888
929,2156
248,309
1424,2663
177,2997
1155,616
1204,3520
1071,4974
332,3702
1420,1118
1356,226
942,1559
1083,2524
1289,3606
1059,2336
7,3349
1520,2295
263,4396
1690,979
1795,2313
1321,141
1146,2539
1924,926
780,1188
969,1108
1322,4131
1305,2417
1811,3270
496,4871
128,3191
471,4943
593,4235
930,1106
1819,4792
462,3532
1867,4758
668,698
1747,703
694,2453
1880,4681
1512,339
46,3296
1840,3323
859,1503
589,1139
18,391
1816,3556
1643,2592
363,4468
1214,1139
1470,4129
1944,1177
988,578
1942,479
1550,2022
1132,4231
35,3096
396,255
1878,277
1320,3084
670,2453
902,4518
1024,1286
276,1286
1295,4922
1893,848
776,1245
815,2060
1471,2385
411,4722
904,2047
1485,711
340,3481
1899,1008
1282,2362
257,3513
882,1498
387,3235
769,2619
768,4944
1732,1129
1417,2386
1613,4557
304,1388
621,3659
474,1221
761,4837
693,1672
567,1392
350,4244
1685,523
1039,3280
1113,1800
1306,4907
1013,4474
340,2083
791,314
1174,2374
1816,505
1183,3159
1588,1745
498,3707
1654,3759
1550,910
387,237
1517,4502
1508,1699
100,3502
260,3667
38,3231
1061,3588
1387,3995
442,511
974,2010
1835,47
1263,3565
609,1229
758,1050
437,3006
1633,467
1264,1045
884,4926
46,449
569,30
1174,414
338,12
452,3817
1670,480
214,806
392,2054
389,1296
1856,4508
1009,3013
1552,744
2,4286
1975,4220
707,1845
1427,1591
1525,4990
1307,3525
343,4971
648,3067
1300,4156
947,1068
1542,53
603,1248
243,552
1774,658
1198,4582
1716,3678
1824,3383
1144,2358
1254,3460
1494,3658
1650,743
314,3231
961,24
673,2270
1690,2925
279,3574
1532,972
618,4693
1360,916
1222,439
774,4146
1282,823
961,4165
1680,4846
1910,3594
333,594
900,2409
1246,3066
545,3957
562,4021
1760,1936
1885,4144
1856,1447
1208,2600
816,183
808,3100
13,2664
79,4340
1831,2013
1123,2157
1961,423
1003,1363
1207,4267
414,1878
1592,3546
114,3195
125,614
257,4745
1551,4384
1927,4704
643,2994
463,4409
97,3465
1378,930
1368,4037
1045,316
720,4731
853,402
1094,3069
960,4487
348,3915
184,634
1070,4184
1490,3920
719,4268
836,3299
500,4026
62,1248
348,2528
947,300
1314,3025
728,3254
1885,2127
246,4345
727,4108
313,989
300,1885
857,2505
1133,4875
299,517
1957,1088
664,2481
1313,4857
937,3682
181,4423
12,394
119,175
664,2373
1652,2737
1751,3680
1745,3444
1543,633
1113,1325
1655,574
716,922
610,1878
1214,2568
1421,2854
1237,3540
578,3573
1821,1611
1772,964
844,2909
734,3583
1351,3603
1354,4459
1929,3513
748,2354
810,2866
99,2386
676,2429
1432,4955
654,4781
1457,184
1101,3772
1202,4124
505,4290
1442,3775
31,2145
1828,3732
813,1111
82,2131
1010,4329
164,3539
1045,1371
341,312
1456,380
937,3702
766,4254
1018,1514
523,4687
657,4266
721,2478
680,790
548,3616
755,4306
861,4328
1956,140
1799,1562
1636,398
513,302
953,1232
273,3962
976,4164
488,4470
1257,4759
1563,2617
941,3542
1889,2881
525,2689
1259,3511
1452,884
277,1213
962,1705
445,3683
717,3924
730,2827
755,1603
555,521
1021,3068
1384,1345
670,1287
76,3062
237,1805
646,3542
1538,1714
112,715
299,3778
1907,3627
1004,3933
582,2311
903,1788
1398,4346
1957,358
1683,837
234,1546
1933,4835
238,4207
1646,1857
1796,3939
944,1782
1745,2525
1421,489
1382,3994
1259,912
918,3162
15,4845
908,537
1994,1391
1234,3768
420,733
549,2167
1192,3177
1942,3274
528,2646
1492,1839
987,3723
1201,3770
1714,4533
547,3758
328,3809
1843,1720
557,3576
1477,740
435,2287
1704,3126
145,1806
1829,2381
640,3004
1730,4762
1954,1172
408,535
1230,1452
2000,1290
551,4021
661,1488
457,1712
247,22
308,10
259,1788
1847,1499
1327,76
1004,3605
1149,4251
1027,4084
664,3328
405,4650
1762,504
1085,1544
1945,2776
225,815
1578,3636
1321,362
541,4512
1747,3213
1,1561
1844,2328
1410,225
654,2664
981,2903
162,699
1798,4927
1267,1769
825,3339
1402,1207
245,3003
1466,4209
26,4939
136,2853
382,1970
436,384
965,4893
125,3886
1597,1567
961,1872
1709,2932
1697,532
603,4139
433,3400
1538,554
458,2840
1831,4610
1090,537
1365,178
378,3307
945,4937
1056,2948
1559,3779
688,4582
74,4288
832,1973
1852,4602
1608,574
1397,2548
786,2715
469,575
1172,3463
1929,4834
587,1399
1218,3636
979,4617
1550,2222
1805,1646
1812,2847
648,3911
1641,1682
926,4985
1454,4895
851,547
1425,867
295,2660
290,1551
727,4345
324,305
701,4902
1228,522
341,1956
306,655
1529,4658
279,390
1057,773
357,4294
562,1531
1108,131
1473,1711
1540,2655
192,355
1807,2742
312,4144
153,4517
41,3942
233,3701
62,406
560,679
1784,3246
841,4382
989,4718
642,1789
239,586
350,2891
641,4686
126,1558
1225,3900
1328,396
107,4445
374,3337
692,580
1786,2361
507,2766
1088,3841
835,15
684,3204
714,1472
1620,1699
919,2075
140,2516
742,1572
119,1909
103,4311
62,3221
1934,2073
744,1374
1313,2871
1367,3694
1892,1665
1310,71
1598,2429
586,4109
971,584
1536,3438
1814,4323
1717,2821
248,3823
386,286
898,4455
513,2472
569,1940
997,4126
100,4959
1038,4074
1587,1898
317,2546
1992,1070
1637,3343
1115,3400
1136,3302
1990,601
851,954
835,2601
927,2733
305,286
1934,3702
298,1998
918,3388
224,1869
1999,4544
1228,2998
1341,3131
225,2770
1426,2928
901,3407
915,4510
1839,732
1384,4099
1662,4011
651,3576
1316,2836
940,4728
1091,4503
717,273
216,2550
1287,512
543,1221
1201,4310
501,2353
719,834
1342,1926
634,3991
228,2059
1229,2955
1523,2770
779,791
492,1419
20,1624
369,1267
1347,475
194,4095
1470,2451
1861,2640
616,3333
1049,1777
100,3549
129,2501
736,1566
1895,914
302,3366
892,2488
1957,772
1344,2055
140,4334
832,1643
1718,307
787,3865
1928,2799
731,3680
697,4386
1666,661
1769,2031
1799,2627
78,4885
1962,1780
1790,2924
1426,738
953,707
620,4547
1768,1722
1215,1422
1234,4206
388,2319
555,3136
1016,2748
1153,948
39,3073
1591,1707
1150,4226
1114,4010
154,1717
411,128
1905,1158
1939,114
1927,598
230,2795
1683,307
1031,4843
1092,1945
848,2975
1460,591
1704,2174
1596,1999
678,28
1403,3615
1120,4930
803,1333
1001,695
1647,4804
923,4288
1240,495
766,1461
1174,466
532,3348
821,579
150,4638
1252,2815
643,1814
590,458
171,2293
1686,3726
790,2530
1679,693
1865,657
1081,3707
193,284
510,3771
7,4478
9,1709
554,4701
389,2887
1804,4609
1151,1861
873,1312
1065,2765
1915,1183
1146,2808
76,4085
1631,1508
584,4544
1585,2541
429,3751
1110,2300
1946,4856
1848,2629
207,849
1507,1199
1276,4218
885,4127
1159,1044
1543,4784
143,3743
1999,4350
1929,4633
375,309
906,4631
1343,4476
235,2085
166,152
240,2930
988,1272
919,4414
1552,4609
251,423
965,42
1250,3872
290,1359
1744,169
271,1750
861,226
1928,4612
517,2670
1539,2690
1839,4486
1999,4049
513,1972
1985,1030
1306,4337
1632,1813
724,4751
284,1617
245,1620
1944,3589
1774,1218
960,2097
166,1
1105,862
1731,2744
105,4847
1853,2768
382,2137
1830,2839
257,132
1277,3247
484,2746
1245,2068
1901,3755
1169,3819
781,1068
480,1962
385,3381
748,1804
408,2676
561,1958
932,3292
187,3245
1432,3042
1860,3638
147,495
1567,1653
1967,2638
763,1306
419,2982
961,4878
1894,3954
1168,2903
1410,1944
1376,71
1412,276
1281,4127
606,1007
349,4212
229,1482
580,4525
1497,4235
1979,975
575,739
1379,3035
1448,2507
715,3861
524,368
1612,2751
1736,2503
1284,708
125,2424
7,1795
1153,4875
1108,1005
1361,154
1683,4457
1288,3803
1922,682
846,209
1157,1156
1206,734
1518,156
1830,2440
692,2117
553,1864
54,1797
364,3896
536,1322
1141,1869
1214,2173
967,4507
1272,3992
1207,1208
1358,539
717,1686
163,1907
74,566
1493,3284
943,4960
493,2519
1540,4615
1373,3106
34,2734
328,2980
1147,3010
1164,399
1936,552
34,262
1511,2237
124,1465
178,3487
1564,1681
1620,2291
962,4990
1644,1408
553,2674
138,431
1005,3966
798,3010
89,518
82,654
1016,1360
1785,2068
471,931
1639,4457
889,4223
1191,3779
1045,3946
452,4416
355,2244
681,4013
1040,2161
243,3497
1263,1544
1095,3082
1298,627
1557,4108
1923,2889
1707,2423
533,662
836,3828
1005,4421
1104,3227
1708,3273
1495,3215
1283,3749
1125,3101
1360,490
1169,4812
940,3532
1100,3494
811,4352
819,2164
1364,3530
1763,1392
1305,88
907,2030
598,3255
45,1804
124,241
270,2342
146,3412
633,2115
1263,2617
1850,4348
1610,823
497,3527
1988,2153
1985,2139
1712,2464
597,2603
94,1037
508,4806
470,4287
118,2737
1046,2190
573,3286
1048,1439
467,3935
495,3140
1979,41
830,2224
1432,1931
880,3192
1732,3656
1383,3831
1741,1529
558,4430
37,4024
47,1483
587,1786
1401,1828
516,986
1997,2878
1009,3591
452,3543
1657,2228
1810,2491
1606,4146
1649,3364
1501,1362
1759,3903
1576,474
765,1916
1917,3939
1607,4846
1257,1629
1634,931
534,813
1579,4453
320,4734
1252,4327
1174,3758
1420,4111
142,1156
1424,2781
1819,1474
353,397
785,4240
124,3
1649,1528
1656,1085
1845,2885
925,3854
694,4202
555,361
1385,940
194,1729
1035,3523
779,1296
1353,2246
1069,3079
842,4454
1373,3703
784,3338
903,4942
800,509
275,2238
248,1520
1627,2121
509,3679
206,67
1309,1702
1139,908
89,1165
1258,1461
243,1800
1044,788
279,2565
586,3930
68,1911
1480,626
1637,1296
1378,3565
1971,3344
529,2445
583,496
1463,1027
1843,2052
1557,1598
1160,4565
253,2944
1491,4761
328,1705
510,4385
1549,3903
887,209
167,4367
1815,1319
1674,2781
151,947
900,1658
1164,884
1308,3950
187,1718
291,845
1008,1179
1833,3483
887,3944
1554,37
1573,2149
1666,2107
1273,3589
1929,1230
1439,1115
255,608
208,127
1866,4635
1856,2589
4,4652
169,1622
107,2797
782,3114
1688,4410
1457,2230
480,4722
1496,3439
1079,2609
1088,427
1224,2780
1823,1491
1313,3138
893,3093
72,110
1545,974
685,1870
1074,4605
424,2500
1918,2055
1327,638
1667,970
500,472
145,3690
587,1000
1718,991
784,356
853,2038
165,811
1383,3273
1413,3570
249,2699
664,3424
453,1590
151,4126
383,2105
8,4255
1705,3922
889,307
1588,2086
390,4011
1314,4029
423,157
903,1748
1971,1082
732,369
297,4940
1020,2683
230,360
1757,4096
800,351
1163,4269
1323,4227
567,419
974,2463
447,3560
1155,2245
1958,3440
810,276
1566,2816
64,1037
1584,2665
1053,4489
1050,2249
1548,797
1681,1173
1082,767
1436,2396
789,2152
1248,3919
1768,2884
1098,4318
41,2816
1472,321
1883,4628
1376,777
1411,3016
1520,492
547,3010
629,2914
1739,1459
168,1701
635,2415
496,3402
36,1543
1587,2011
469,4503
34,1553
1130,4928
571,1119
647,2199
1304,1881
714,551
1544,1912
27,3049
554,74
714,4210
345,763
1228,3140
569,4586
1432,4080
1483,2670
14,2952
1502,250
459,4526
930,2924
623,3596
244,3626
820,2792
802,1863
306,1805
58,2230
1984,2788
860,3370
949,4776
490,746
1492,1165
1214,4341
476,4592
313,2885
1787,3055
32,517
753,682
808,4432
1302,1661
1073,3363
1777,4231
7,1818
868,3453
960,2461
478,4509
1747,927
1387,370
812,3061
5,2343
1323,3702
1708,4106
989,1418
1207,3733
1581,764
417,1550
1460,843
385,610
643,3324
1270,3756
433,4639
1623,819
1224,1316
1114,4624
367,2019
254,790
147,1873
1451,2194
78,872
1366,1303
950,1098
838,3841
1585,4604
190,2817
1791,77
377,482
899,856
1937,2800
61,4463
682,1338
748,3603
825,2667
1094,2956
1736,1625
645,178
1799,1984
840,2200
435,4903
1707,393
1692,3242
23,2664
1999,1903
493,46
1328,3345
453,2618
1160,5
496,448
927,4964
1097,4184
669,3385
784,4910
141,2833
1612,4728
109,1750
1816,404
233,1695
1748,2243
883,3988
1066,4229
435,3514
1885,980
1562,3361
1648,300
1793,2029
1309,3428
1141,2337
1291,3179
1233,4115
100,3165
1755,3266
951,1622
1,2428
249,1781
517,2509
727,3334
1051,1624
412,659
25,3289
39,74
651,3511
194,4678
1116,1911
913,4141
332,259
1575,4596
1369,2733
170,4289
1452,4051
712,3440
404,561
1139,3159
924,1777
1601,1197
1747,3026
1684,2051
706,80
1095,2241
1096,2462
605,1664
818,1395
941,2181
1471,2585
1077,1216
428,1
1298,4514
1645,3705
794,4229
1642,2757
716,784
1606,804
428,4914
1293,3413
1721,4662
82,4807
1218,3511
1054,2024
1892,657
615,928
601,1064
835,233
1805,2119
346,937
922,4346
833,1052
1065,4731
1349,903
1263,3714
1181,3910
132,132
694,4474
1698,4304
1453,4925
585,234
1336,238
1673,4318
751,1618
977,962
584,2483
808,1782
154,225
970,570
880,804
808,3547
953,4893
432,3377
237,4774
1843,103
590,2174
882,4392
1185,539
229,2543
465,3257
656,2751
1591,2449
1221,2759
1435,3430
1139,1817
1889,3450
1065,2902
594,175
399,306
1308,3097
808,1158
1592,3400
1958,393
658,3881
218,4849
1353,3215
831,5
1410,4362
1551,2931
1871,1482
1631,1694
1214,841
428,372
1611,3752
846,980
1266,4907
1599,1996
1068,722
1516,2593
318,3384
726,3946
798,3952
1089,869
166,3288
728,3972
774,4236
522,1922
1173,2222
472,2256
1368,1632
18,2153
1592,3763
571,3171
383,4657
291,1707
189,1545
536,187
1415,225
1598,3847
1019,1637
472,3401
266,4758
700,2822
1299,4891
341,1414
168,443
1100,2606
681,4868
175,3088
733,717
985,2485
85,63
848,3205
1721,1510
1136,313
1973,2948
1995,2489
1497,3963
1473,3827
303,3209
783,2775
934,2654
139,1291
1973,2317
371,4950
1047,4747
927,2030
1572,3804
261,2219
585,2664
1867,2664
652,2373
286,706
1805,4613
1817,4825
704,1782
726,1932
623,4126
1106,1781
1968,583
207,89
305,2678
1125,2630
1337,2629
1055,1677
447,4432
293,3887
1140,1901
158,2737
1091,1876
384,2022
1338,1685
404,646
1253,4066
191,2179
1607,1507
234,1019
1020,4874
1411,1768
497,566
1904,4367
1316,618
1673,2257
939,2065
390,161
19,3345
1651,501
1217,3957
730,2270
1501,2767
1425,3567
871,928
485,3982
371,3518
7,1372
1314,73
1210,2016
576,3876
359,930
731,515
337,2557
134,4897
130,4115
174,1130
648,1429
1927,2724
1988,3422
45,4220
549,3314
481,4013
1287,1769
17,279
782,3540
615,3416
417,3743
1171,3014
560,2422
1814,3903
480,2782
87,4846
1972,129
504,3321
1494,1963
274,4617
1975,2811
1885,127
1004,1306
417,2351
334,2820
709,2612
197,2041
1429,14
1769,1457
1041,1280
10,3799
125,1932
516,3492
113,3901
1555,651
231,141
822,1169
791,2771
692,2165
1565,2256
1198,2147
883,577
993,242
29,2817
957,3034
881,749
1935,186
95,1720
259,4619
1329,3047
1018,808
33,3550
386,686
615,2093
66,825
1083,1046
1601,1060
1280,1086
485,4043
1817,3836
1868,4847
160,1230
1197,3120
1786,4278
1896,4615
991,1396
501,4883
469,215
165,578
999,3707
693,4246
1603,2291
1887,1662
997,1168
1289,2830
682,2887
103,624
1653,473
1765,3157
1836,3647
997,3148
641,2223
1905,3529
1951,4070
210,4319
106,2530
1993,3749
25,4976
1680,1267
91,4089
1294,3071
611,2039
1938,1939
1254,3323
625,1812
994,3122
1468,4974
1116,466
1771,2708
1162,3602
840,2119
986,2853
1091,915
378,1034
1263,1170
1408,4290
224,3995
1604,2606
1950,2776
443,3395
1730,1690
117,921
664,1327
793,4526
1643,2746
905,1769
670,4463
1316,605
1909,4668
411,3166
940,470
707,433
1780,4695
1388,4416
1710,4741
1810,4623
1833,4185
1469,1354
1145,239
1389,2224
1123,1093
498,3141
1883,1116
1755,2814
237,1280
51,331
9,879
1648,3089
802,4683
1655,786
618,2102
938,3658
683,4771
732,596
467,2537
568,3019
567,968
193,2889
305,1845
65,1824
1345,4631
469,4048
1064,2480
662,1397
230,1956
1467,3955
142,2761
1108,1099
1748,4130
1264,690
1781,1169
1986,1722
1043,1912
1094,2149
1114,3756
791,4282
1443,2470
832,4966
49,3781
1808,1347
1828,2933
301,3621
1742,4780
345,644
1844,2844
529,3903
1802,4023
349,250
1162,1440
1652,288
457,2131
1235,152
553,990
1997,2877
799,4558
1505,1243
1249,610
439,1592
951,1144
36,2975
1919,4044
722,954
762,2593
1950,1257
476,3742
166,364
549,2723
184,4322
1163,981
1043,245
131,4
539,1495
749,1596
98,1559
1626,1508
62,1655
1347,2358
92,4686
402,744
203,4533
1376,4246
686,1673
909,486
855,4289
301,3534
1298,3193
797,543
513,4362
1261,4695
1951,3754
1274,797
264,2068
663,4544
1015,2436
540,375
1492,2468
1642,4026
713,3843
1518,1052
1975,2002
1027,2782
1365,2123
895,3675
741,3627
143,612
1371,1794
1333,4315
1041,3507
1466,3566
1393,2129
732,1547
1435,2357
1246,2055
1770,4969
1916,1805
730,4245
95,299
608,816
177,1589
1158,3818
680,3341
1458,1360
749,2299
528,2621
282,3316
388,4362
1723,52
1159,3711
237,3084
1530,3481
1272,4974
1305,3763
1633,2619
1351,193
137,4445
329,1017
1294,2116
1148,2406
1190,934
376,2421
150,2668
1415,1933
592,3428
474,2307
1071,3403
676,1269
78,1459
549,1383
458,1630
1076,1321
1916,2486
17,944
239,2853
1081,3455
470,832
1529,4193
1425,1516
47,2499
274,4539
365,3700
1215,2884
1982,3051
1191,1387
852,4552
1322,2308
351,4162
318,4198
1405,2793
726,1884
1748,966
403,2107
608,4472
522,1417
183,2365
150,1389
1686,4256
1067,1782
775,3835
1024,2284
536,4334
1518,3390
11,377
1759,2223
1646,4230
1361,4438
16,4464
845,2166
999,3339
1613,2640
1780,2336
1332,3430
1618,1954
116,2985
807,4917
1539,4590
996,498
925,2751
627,4697
296,3219
987,3746
1785,634
1230,2637
91,3229
1998,1765
1205,4866
48,3005
561,3807
1525,1778
1184,1214
344,3454
741,2706
954,1672
822,2710
728,2598
596,2806
1941,1524
1375,4615
1292,515
757,1905
1185,4019
39,3739
416,3385
422,20
297,168
125,4417
1841,2731
1241,3274
276,593
16,1556
1974,519
1936,4614
1200,345
1039,3699
1598,34
1891,910
1,1798
1731,1036
1479,558
27,2631
775,2287
1302,2595
1187,2771
601,2372
1797,2329
1554,2405
768,826
319,3214
1813,4385
333,3660
1554,957
674,2669
1549,682
1047,2338
1435,1231
1846,120
373,3010
364,1160
406,2860
1833,4142
422,2112
154,1957
588,311
635,968
1705,4234
765,3186
52,1057
18,393
1007,312
987,3477
1283,4277
837,3729
1796,961
610,2869
1673,4005
1557,1938
870,3173
960,2123
33,1738
1435,170
148,3408
100,4230
1895,546
821,3623
107,3347
861,605
1185,657
176,4388
1344,4690
1475,4642
438,330
860,1680
1625,4073
56,1984
219,4636
445,3088
1006,3613
245,1957
1948,2459
248,3496
1878,3492
1337,877
240,324
1830,4884
1800,1253
1964,230
1793,4570
1140,2016
909,3036
524,4422
1936,3373
113,2625
882,1993
380,977
1138,3089
724,3747
1922,2961
647,4698
1118,3160
175,470
977,2626
694,4601
443,4293
1056,3625
42,3244
935,4569
1443,1478
584,281
301,3288
812,3507
1876,1792
426,4159
1489,3969
1371,1173
1356,2540
534,2878
1616,4616
1227,945
386,1549
653,488
882,3543
152,487
187,3438
1011,3426
435,1903
602,286
1155,4164
1162,4698
352,264
1788,2257
697,431
1819,3344
1905,1484
512,2092
1593,3214
1949,3769
28,1976
305,2614
548,3235
497,750
594,943
243,1139
636,412
53,68
1045,2307
217,4031
916,704
1963,2751
1781,3674
1369,4998
75,2879
1196,559
1518,4346
1082,2429
1700,4741
1726,3818
364,650
1827,4664
298,2085
1074,457
1029,1210
1478,1790
132,4163
218,3466
1084,4139
1082,2378
1015,4345
167,950
229,2710
997,1649
1534,3925
991,4596
1625,3902
1352,3309
1452,342
1497,2673
913,1756
1270,1170
1765,1994
175,2003
1725,4165
415,4925
77,3502
960,4906
1203,1531
900,1920
1887,636
1844,1264
231,4738
1737,4132
19,348
1723,4734
1860,3006
1732,2393
730,847
1552,298
772,3041
690,436
1432,3404
1624,3162
1720,4596
1425,2053
1323,261
1535,2915
806,3623
1202,140
1246,2755
477,4212
422,4211
1792,4834
1413,3496
1543,4143
1489,1637
797,726
1938,3919
1725,361
1942,2398
1306,421
184,3886
1448,4059
1531,3762
1937,4591
162,2800
470,3163
1951,708
655,571
1083,3872
156,4598
1528,4574
1839,59
803,3473
1756,925
12,4931
1485,2006
772,392
1734,2113
1400,4247
988,4237
401,3197
1214,2302
1661,4061
930,4697
189,4451
1543,3181
1743,4439
867,4416
662,2085
1696,2890
700,2452
1923,824
572,3847
388,295
139,3223
124,4567
314,1117
1706,4460
335,4492
1347,2348
327,1361
583,445
1244,1716
1285,1312
1338,2221
1194,2681
1690,1104
383,2457
200,4970
37,1829
1545,1986
379,312
561,2261
1704,3990
1591,2968
633,3938
214,2229
1817,4846
1783,3655
288,1292
952,4543
333,4042
398,4263
292,4593
1887,920
1630,4314
489,3659
229,81
1335,4963
687,1540
740,3899
1455,193
517,1090
208,2160
1884,3519
1287,4360
1123,3963
266,3308
1271,1479
626,4172
366,448
1856,1158
1203,3104
1847,1658
432,4385
1457,3278
1708,2709
408,4445
1346,2566
1672,3903
1161,1372
486,1361
15,3867
178,84
1416,4857
1707,878
652,1548
1995,3067
1664,2226
504,1595
935,2178
858,1548
789,194
280,3232
1448,3551
1712,3906
1964,2605
1230,2668
996,4958
26,2491
1245,2305
1914,1903
1688,4017
1493,2250
92,4899
1561,1045
313,3246
620,1343
1061,1790
915,2988
590,4789
1427,92
948,3160
1369,3910
1616,3307
1159,1262
335,549
1279,3800
159,4441
1201,39
1030,2199
492,606
1266,1445
83,103
996,508
427,3581
780,3052
1240,1447
1634,2562
58,4355
1680,216
996,67
1647,3962
1435,131
551,2746
1660,1493
1197,1230
685,855
1690,2264
1377,3426
1431,3767
1724,2118
1371,1259
12,653
5,3776
1752,1237
703,1287
1634,1103
1783,2619
1162,4610
1534,1732
1479,337
35,203
445,3251
96,1115
363,3143
811,3742
406,1239
970,541
342,3653
74,1050
1980,1024
168,1453
1891,1988
1074,968
340,1427
1214,1785
371,1728
772,2872
253,1467
1529,4495
1433,3173
1940,2019
368,2501
581,379
1655,2024
530,1069
726,242
608,772
1600,3341
1919,3978
1102,4957
1817,2428
467,775
441,3080
917,2941
346,1024
1071,3951
1821,3934
907,2549
1414,788
722,4418
1444,408
584,1485
205,977
195,3707
9,4183
382,3538
580,490
617,3555
1339,858
1626,4925
1929,1574
300,875
1300,1159
443,4971
1096,1543
909,1118
293,3848
448,3434
508,4738
976,3194
432,1912
1532,4245
1332,1228
1456,3223
1207,3039
551,2479
1039,4776
540,2525
220,3621
1324,3728
1852,3846
1216,2050
186,1402
1907,2002
884,3445
318,4997
963,1845
1031,3120
1513,4137
1940,4910
1096,1303
8,2679
712,2439
1462,922
1545,3856
1985,3547
454,958
248,4093
1404,1624
73,2133
69,3219
225,2666
1279,2403
1127,1819
1758,1596
616,81
825,4327
221,4568
1663,1380
1081,3734
557,3745
287,2959
121,1855
1408,173
734,2241
1777,3232
1249,1671
415,3316
624,4103
813,4244
1939,2479
948,4962
751,2007
1632,4133
267,3823
11,2085
1271,1915
1595,984
1893,3723
118,2606
1601,822
793,2023
435,4158
1706,4026
782,1432
351,3305
528,4867
1810,1794
1659,1032
1574,3830
1420,2740
623,3267
811,3475
999,2642
832,1560
739,829
667,1082
1391,3178
611,2451
841,4017
1179,2280
320,1079
623,3475
1689,444
1590,2673
1037,3342
575,762
931,4977
563,2708
1955,1484
490,89
1882,4142
342,1197
281,1708
1224,658
944,574
189,1429
894,4631
807,122
618,4694
209,3006
1807,4616
655,2917
1286,3150
5,4545
1531,4156
1146,2267
211,1552
1517,3264
1083,3274
936,1649
519,420
741,1306
185,3772
570,3337
702,3676
233,1683
798,3758
1892,3949
1158,821
1949,3911
413,1862
756,2681
1488,3159
350,555
1758,2230
387,4542
29,76
1948,1707
1796,2465
1930,496
174,2233
170,2069
607,4058
699,941
275,2657
384,1938
518,2227
1191,4481
1461,1553
1637,9
920,2843
783,624
455,2513
1196,4198
81,142
755,951
1104,4634
732,1888
1600,3980
1647,673
387,2239
1179,2910
128,3646
291,2760
42,2606
236,4955
1475,3119
1015,1865
1955,2140
524,4163
1223,1859
451,3887
109,1787
1306,4785
345,3248
256,515
626,872
1733,746
1430,4225
270,4642
1751,3843
473,1413
1857,4898
162,770
380,3448
729,381
1716,1995
1786,1576
1754,2442
650,3396
1106,4717
663,4163
1032,3591
1685,1964
665,2881
1096,2996
347,3352
1680,3366
1641,4113
1635,3634
1496,3726
1017,1107
990,2611
1275,4127
564,837
1140,1601
1063,1985
372,1961
380,1056
903,2406
1149,2515
600,3255
1738,3353
1620,3884
1172,2035
1073,2514
894,16
770,4892
935,1077
80,4449
1415,4779
1260,4627
1171,4822
1020,1197
683,2160
73,598
1852,4021
1825,2515
1608,2411
1736,2860
367,3545
526,2106
1029,2302
651,1983
887,1896
403,2245
251,949
1860,2068
750,4966
249,2697
989,1226
502,4234
974,4196
1971,2623
1491,1060
941,3835
1761,2675
1725,2679
904,95
1593,311
1796,2498
652,1279
818,4953
772,4638
683,3710
1887,96
1736,3659
1239,4844
1974,927
1644,4446
1353,4846
592,4243
457,1254
1731,3902
1656,2919
1616,3290
893,3456
378,4751
1296,4015
967,4646
53,1919
1882,2997
1986,64
1014,2133
1727,27
938,3087
313,1106
1198,2203
349,2622
1552,2467
1449,4242
1194,3194
97,4960
1743,3966
1150,94
928,3713
1774,3932
703,2023
176,1208
450,1720
999,1818
1456,2384
298,2368
1029,3950
880,1441
1478,3568
1612,110
873,2989
437,4432
316,308
731,2937
1224,1381
789,833
1915,3748
908,245
349,3939
1203,2303
112,1771
6,2844
115,598
397,100
204,3702
1145,1247
1718,2589
968,336
766,3939
1407,3819
751,3214
2,3903
1495,2171
128,3149
478,4229
920,4075
602,4400
637,151
1319,313
1155,4251
1476,4384
1880,4726
1176,1474
1870,2458
1042,367
1949,2907
1680,4186
999,4358
644,4434
635,3868
260,3217
548,4024
564,3427
1272,1170
6,749
435,1033
425,1168
701,1805
976,1475
944,1663
1693,823
1260,3969
1555,2805
614,3140
1305,202
349,3956
1068,646
1594,351
1719,2174
780,471
1804,1196
140,2923
598,438
715,2599
1577,1394
828,2756
124,3192
62,935
1170,9
665,2653
41,2208
665,668
1397,3155
1845,3736
1108,3300
935,1787
1523,3079
58,3099
158,2631
186,1929
1492,4086
958,2029
1559,3095
133,2203
1366,3583
1805,1470
1833,2130
1036,472
179,2421
829,2382
1,1621
597,2112
1963,2898
831,3826
1473,1502
1570,271
723,477
1440,4380
1343,1733
338,396
1548,3607
1672,4914
1116,583
1294,487
204,1780
935,4893
112,3893
564,1990
1309,3595
1186,2411
1932,532
1988,902
1486,3427
267,2883
150,4855
27,4089
117,305
1483,1627
1771,1056
1867,2877
1286,1399
7,2747
1880,2357
1012,4947
1834,1510
1656,2419
469,936
1992,1965
918,3987
51,4458
664,1938
1655,1333
1817,4395
830,491
1861,1917
628,4704
1632,1000
1603,4372
272,3861
1915,3458
1750,304
1034,2341
901,3811
424,33
474,2297
1637,3723
740,1437
915,2612
616,40
1349,4858
1150,2658
217,2695
1676,4369
1364,1147
378,1212
1908,3734
666,3211
1230,3438
871,753
647,3282
883,2003
973,1567
311,3335
550,3314
971,2718
835,3536
310,57
364,1327
232,1298
899,2165
968,3443
1531,3121
499,3082
1959,3812
1318,1811
486,481
340,42
810,2920
196,940
1239,4040
1075,2540
1392,3302
951,2319
1201,3030
1851,737
1329,4927
1834,4308
770,2079
1915,211
993,713
1126,3396
75,1294
1890,3765
336,3221
1194,3480
762,1349
349,3202
1322,2885
444,1910
229,43
1512,2289
1325,2010
1108,4200
1150,1275
1968,2988
1659,479
1578,2848
1178,4259
378,2294
835,987
1678,4056
292,1579
81,3300
1651,1458
484,4045
336,1629
1386,4177
1053,4839
1524,3112
646,691
471,4011
607,3593
218,2697
290,2240
1159,4395
1650,3045
1633,3791
269,4962
321,2249
1438,4238
492,1359
886,2909
112,729
1572,736
1412,1244
1807,4009
1746,2851
713,2191
100,3467
850,662
1436,3635
605,4491
1147,4112
1101,4481
1340,1057
1417,899
250,1359
100,688
669,1040
1624,3440
1895,459
195,1525
1442,2766
1831,3977
424,4176
993,4027
709,987
435,2756
1351,1407
1879,4798
505,896
1469,482
1358,4355
1846,2782
1743,1518
1330,3290
1099,4462
1258,4191
930,3053
1454,1609
205,2707
112,4056
1266,1288
1519,3686
1127,1832
368,724
991,2355
240,1836
1040,3901
1096,3310
1542,2963
176,1016
1298,1513
1670,266
52,3276
158,135
453,4488
649,4788
10,4467
478,629
888,4606
21,425
738,3417
265,4994
149,4745
84,2372
1079,4357
1797,530
655,1293
1217,1657
684,905
1370,3598
1877,4319
1834,2261
1813,3958
652,798
1672,2383
1730,4950
69,4713
431,2231
1045,2023
602,850
205,1998
854,4915
767,3156
1478,1602
268,1512
365,3905
1696,1413
757,277
703,4822
1853,2257
1952,3877
651,2358
286,1884
1687,3021
1176,4268
430,2275
421,3276
43,3832
59,2746
1919,1691
1585,3421
1710,2665
1865,62
349,2529
1366,654
1205,3093
513,3059
647,4168
864,507
92,1992
693,3132
513,751
745,3141
834,2926
9,812
655,3114
619,1116
796,1250
1125,196
1407,4855
291,4870
1075,1098
574,4192
1848,715
1348,566
1701,285
1500,4069
442,2804
1352,308
971,2526
525,1230
589,4098
1487,3246
257,470
472,1573
568,2760
1756,3587
1917,443
758,3131
434,3921
1331,804
690,2266
1138,2096
547,1463
1080,1033
924,3944
863,328
1169,4082
1682,3701
773,903
535,3326
1160,2244
1847,468
221,3824
1656,1909
1965,3732
1040,28
1329,32
898,455
306,3749
1477,2559
1985,2084
1146,1285
1004,3080
55,885
1514,4800
717,3836
772,4192
127,2010
1826,2055
240,1104
1988,2218
589,220
1676,2982
73,98
1848,1775
1438,626
620,494
801,1245
1037,1523
1922,951
1444,4138
1906,74
589,1826
184,1413
1955,1271
903,1017
1532,3688
325,3117
1752,2850
1380,3209
297,922
1079,4120
1431,3419
373,4295
953,304
1167,2683
1732,1611
770,2701
1337,1278
1058,1864
937,2583
841,2330
1637,775
1056,3757
1890,2509
1629,2656
128,1300
20,3046
193,3617
1426,4983
1902,708
796,4116
1652,3125
346,3887
1721,4264
817,4042
1357,2498
1058,1950
491,2118
416,2884
1145,1797
946,4388
1633,2143
1029,2423
621,4572
1031,335
1223,3990
890,2530
110,1473
1209,1258
893,476
488,1643
4,1332
979,1299
1459,1618
1292,3635
1039,3881
1843,2308
222,4813
1541,2439
989,2218
408,638
229,1057
1351,1113
204,3432
1568,4843
1066,2153
1709,1986
1762,3312
1700,4083
526,531
705,278
1618,4700
1201,4183
1658,1886
1263,4289
25,4631
1108,1076
146,3201
1463,3785
556,1145
1467,2523
1719,2037
1302,3553
999,2497
90,2867
346,3715
596,3119
1548,1890
1647,3320
620,320
1139,2348
1424,1730
1768,3317
953,1938
1708,123
1086,4911
662,3075
1419,3723
298,546
194,4508
1399,4219
1144,2732
1772,141
1909,616
1321,2801
545,1600
861,4778
731,3671
281,1974
1362,4938
1214,2177
1646,4876
622,2621
1447,4769
1543,4379
1134,54
1855,4719
1575,2958
640,955
1951,129
1731,261
1001,2775
1445,4369
366,1306
1903,2399
1275,4280
385,25
1202,4748
496,3318
27,3881
1735,3078
618,4391
1504,3158
1286,4354
563,2318
884,636
1386,1508
833,4938
1668,4959
253,274
1404,3939
987,2451
25,2928
572,4585
268,1703
470,1965
298,3546
1986,3786
1717,1200
41,321
1638,2086
1693,4375
1746,717
142,3713
1575,2601
557,774
465,4912
1695,1592
1109,3740
1591,1249
180,1491
1154,2979
1990,439
398,920
1661,435
1834,306
129,488
1723,1301
1253,3239
162,490
1817,361
1506,2345
1142,3038
653,4491
763,4904
200,2479
1585,2327
84,531
1625,2333
549,4116
155,2912
772,3279
443,2443
1212,1106
926,1708
513,3354
1805,1780
1569,3936
1353,4726
1270,161
520,4448
290,2282
1814,289
1464,2748
1118,4693
461,1595
236,810
831,3228
1431,70
1457,1331
2000,1771
449,2851
1370,4259
802,1958
1675,1706
1909,2701
391,2121
1317,3189
1316,4798
690,4144
502,3266
1028,3821
1165,1176
215,2053
182,1941
1104,598
981,25
1800,436
1226,4316
845,4283
939,4461
935,1398
1038,514
417,2709
500,3294
1360,3833
1848,928
1305,3117
1414,780
1384,652
328,2492
1114,270
1871,3937
54,4215
886,646
294,3650
1707,3048
221,3368
1745,1334
852,4386
898,3165
31,2567
59,4479
1131,1185
114,2336
887,1420
315,3774
278,4359
462,827
909,1675
161,3457
296,3221
1028,4491
442,4491
1474,2573
985,1195
40,1980
107,674
1809,504
15,960
622,713
1866,2269
273,512
1749,132
269,1034
304,4775
1784,3607
875,3106
876,523
271,959
1619,1987
1773,4164
1943,2202
1057,3336
1036,706
726,4603
1864,4478
1949,4652
116,3847
487,620
1369,4631
681,1714
513,3314
225,1271
218,1659
1228,2190
1386,3463
1720,4941
1551,3398
1912,3101
1051,844
1961,1731
561,471
334,3377
1729,1430
1835,4760
1133,2259
1766,4218
73,4971
1127,2188
1648,221
765,3863
1526,4205
69,315
735,1840
74,1691
1490,494
763,1041
1242,1244
512,88
809,4939
84,2426
1444,3907
763,3129
1904,3706
265,4950
872,2358
933,2139
1325,632
1215,4007
678,2786
412,653
896,4544
1284,76
1121,4211
1958,1219
